pid,r1,r2
71K,0.990576998,1.013965778
76V,1.00232348,1.00922664
80D,0.896605137,0.904021541
71K76V,1.030979734,1.020424425
135F,0.999612753,1.00677495
188H,0.990576998,0.987752975
33A43L,0.998321931,0.961261183
28E,0.982961146,0.999617766
57G,0.11023622,0.165986276
123G,0.308518428,0.26549958
33A ,1.003051013,1.001300117
21K,1.020502807,1.010359
72L75L,0.645716378,0.660795169
17K19K,1.029533805,0.996004517
88G ,1.017451794,0.972320081
57R ,0.497193068,0.525708774
21E,1.019038321,1.01442711
76V80N ,0.965232344,0.965951533
143Y ,0.977937983,0.977825436
80N,0.965256666,0.964605153
57R58P,0.090665851,0.349008082
102H,0.976072166,0.963258204
135F143Y ,0.984863543,0.96099219
188H192R,1.003134317,0.987739247
192R ,1.008562037,1.007971513
28E102W ,1.000305787,1.00428924
133T ,0.980698418,1.001102131
133T135F,0.994051714,1.012490816
102W,1.0062454,1.012601927
43L,0.9617928,0.982950334
43L88G,0.9489346,0.945144552