pid,r1,r2
71K,0.963020631,0.980757001
76V,0.895809005,0.966201098
80D,0.955430128,0.975780289
71K76V,0.915596211,0.95880538
135F,0.951083431,0.997371071
188H,0.967432204,0.973486967
33A43L,0.964902037,0.998713503
28E,0.967302452,0.987004201
57G,0.982223952,1.024723123
123G,0.367424242,0.272662536
33A ,1.025422494,0.984115893
21K,1.000218531,0.888159121
72L75L,0.54020979,0.539803428
17K19K,0.98608683,0.907036581
88G ,1.007138695,0.862472619
57R ,1.05412296,0.9792967
21E,1.005536131,0.949360529
76V80N ,0.881338766,0.854625797
143Y ,0.966551068,1.013809833
80N ,1.003132341,1.009720145
57R58P ,1.00982696,1.042203634
102H ,0.910239977,0.853650151
135F143Y ,0.96574806,0.955590786
188H192R ,0.945275226,0.990468732
192R ,0.978102969,0.992627115
28E102W ,0.955992309,1.015433396
133T ,0.907170417,0.924737853
133T135F ,0.964224319,0.969763067
102W,0.7592852,0.848520256
43L,1.050588329,1.024485098
43L88G,0.973605219,0.955215291